{"cameraMode":{"drawMode":0,"name":"Shaded","section":"Shading Mode"},"sceneLighting":true,"audioPlay":false,"sceneViewState":{"m_AlwaysRefresh":false,"showFog":true,"showSkybox":true,"showFlares":true,"showImageEffects":true,"showParticleSystems":true,"showVisualEffectGraphs":true,"m_FxEnabled":true},"in2DMode":false,"pivot":{"x":2.6396467685699465,"y":-1.2976611852645875,"z":22.469493865966798},"rotation":{"x":-0.261006236076355,"y":0.041105616837739947,"z":-0.011124944314360619,"w":-0.9643989205360413},"size":19.359485626220704,"orthographic":false}