{"cameraMode":{"drawMode":0,"name":"Shaded","section":"Shading Mode"},"sceneLighting":true,"audioPlay":false,"sceneViewState":{"m_AlwaysRefresh":false,"showFog":true,"showSkybox":true,"showFlares":true,"showImageEffects":true,"showParticleSystems":true,"showVisualEffectGraphs":true,"m_FxEnabled":true},"in2DMode":false,"pivot":{"x":11.614822387695313,"y":12.845775604248047,"z":31.776504516601564},"rotation":{"x":-0.14663350582122804,"y":-0.07737333327531815,"z":0.011506988666951657,"w":-0.9861547946929932},"size":10.286787033081055,"orthographic":false}