{"cameraMode":{"drawMode":0,"name":"Shaded","section":"Shading Mode"},"sceneLighting":false,"audioPlay":false,"sceneViewState":{"m_AlwaysRefresh":false,"showFog":true,"showSkybox":false,"showFlares":true,"showImageEffects":true,"showParticleSystems":true,"showVisualEffectGraphs":true,"m_FxEnabled":true},"in2DMode":false,"pivot":{"x":0.04603219032287598,"y":0.21765226125717164,"z":0.6070826053619385},"rotation":{"x":-0.06206951662898064,"y":0.8040996193885803,"z":-0.08521014451980591,"w":-0.5851610898971558},"size":0.5731648206710815,"orthographic":false}